"","seed","P_rej","Paccept","param","c_true","param2","param3"
"1",1,0,1,5,4.97307372923657,5,"1"
"2",2,0,1,5,4.97396656569927,5,"1"
"3",3,0,1,5,4.97182375818879,5,"1"
"4",4,0,1,5,4.97343086382165,5,"1"
"5",5,0,1,5,4.97137733995744,5,"1"
"6",6,0,1,5,4.97468083486943,5,"1"
"7",7,0,1,5,4.97352014746792,5,"1"
"8",8,0,1,5,4.97610937320975,5,"1"
"9",9,0,1,5,4.97637722414856,5,"1"
"10",10,0,1,5,4.9756629549784,5,"1"
"11",1,0,1,10,9.94376216802761,5,"1"
"12",2,0,1,10,9.94063724040816,5,"1"
"13",3,0,1,10,9.94242291333356,5,"1"
"14",4,0.1,0.9,10,9.94001225488427,5,"1"
"15",5,0,1,10,9.94126222593205,5,"1"
"16",6,0,1,10,9.9419764951022,5,"1"
"17",7,0,1,10,9.94697637929333,5,"1"
"18",8,0,1,10,9.93858371654395,5,"1"
"19",9,0,1,10,9.94278004791864,5,"1"
"20",10,0,1,10,9.94322646614999,5,"1"
"21",1,0.6,0.4,20,19.8820141179902,5,"1"
"22",2,0.4,0.6,20,19.8830855217455,5,"1"
"23",3,0.5,0.5,20,19.8810319978813,5,"1"
"24",4,0.3,0.7,20,19.878978474017,5,"1"
"25",5,0.5,0.5,20,19.880942714235,5,"1"
"26",6,0.2,0.8,20,19.8732643206558,5,"1"
"27",7,0.2,0.8,20,19.8790677576633,5,"1"
"28",8,0.4,0.6,20,19.8759428300439,5,"1"
"29",9,0.6,0.4,20,19.8801391614186,5,"1"
"30",10,0.4,0.6,20,19.8748714262886,5,"1"
"31",1,1,0,40,39.7493218023497,5,"1"
"32",2,1,0,40,39.7523574463228,5,"1"
"33",3,1,0,40,39.7486075331795,5,"1"
"34",4,1,0,40,39.751107475275,5,"1"
"35",5,1,0,40,39.7564644940513,5,"1"
"36",6,1,0,40,39.7447683363899,5,"1"
"37",7,0.9,0.1,40,39.7557502248811,5,"1"
"38",8,1,0,40,39.7569109122826,5,"1"
"39",9,0.9,0.1,40,39.7526252972616,5,"1"
"40",10,1,0,40,39.7468218602541,5,"1"
"41",1,1,0,80,79.5035795732479,5,"1"
"42",2,1,0,80,79.4929548193418,5,"1"
"43",3,1,0,80,79.4931333866343,5,"1"
"44",4,1,0,80,79.4929548193418,5,"1"
"45",5,1,0,80,79.5051866788808,5,"1"
"46",6,1,0,80,79.4835800364834,5,"1"
"47",7,1,0,80,79.4955440450836,5,"1"
"48",8,1,0,80,79.4784015849998,5,"1"
"49",9,1,0,80,79.5061687989897,5,"1"
"50",10,1,0,80,79.4965261651926,5,"1"
"51",1,1,0,100,99.3735657669954,5,"1"
"52",2,1,0,100,99.3691015846819,5,"1"
"53",3,1,0,100,99.363833849552,5,"1"
"54",4,1,0,100,99.3641017004908,5,"1"
"55",5,1,0,100,99.3667802098789,5,"1"
"56",6,1,0,100,99.3587446817146,5,"1"
"57",7,1,0,100,99.3532983792921,5,"1"
"58",8,1,0,100,99.3686551664506,5,"1"
"59",9,1,0,100,99.3714229594849,5,"1"
"60",10,1,0,100,99.3579411288982,5,"1"
"61",1,0,1,5,4.97307372923657,10,"1"
"62",2,0,1,5,4.97396656569927,10,"1"
"63",3,0,1,5,4.97182375818879,10,"1"
"64",4,0,1,5,4.97343086382165,10,"1"
"65",5,0,1,5,4.97137733995744,10,"1"
"66",6,0,1,5,4.97468083486943,10,"1"
"67",7,0,1,5,4.97352014746792,10,"1"
"68",8,0,1,5,4.97610937320975,10,"1"
"69",9,0,1,5,4.97637722414856,10,"1"
"70",10,0,1,5,4.9756629549784,10,"1"
"71",1,0,1,10,9.94376216802761,10,"1"
"72",2,0,1,10,9.94063724040816,10,"1"
"73",3,0,1,10,9.94242291333356,10,"1"
"74",4,0,1,10,9.94001225488427,10,"1"
"75",5,0,1,10,9.94126222593205,10,"1"
"76",6,0,1,10,9.9419764951022,10,"1"
"77",7,0,1,10,9.94697637929333,10,"1"
"78",8,0,1,10,9.93858371654395,10,"1"
"79",9,0,1,10,9.94278004791864,10,"1"
"80",10,0,1,10,9.94322646614999,10,"1"
"81",1,0.9,0.1,20,19.8820141179902,10,"1"
"82",2,0.5,0.5,20,19.8830855217455,10,"1"
"83",3,0.2,0.8,20,19.8810319978813,10,"1"
"84",4,0.3,0.7,20,19.878978474017,10,"1"
"85",5,0.4,0.6,20,19.880942714235,10,"1"
"86",6,0.5,0.5,20,19.8732643206558,10,"1"
"87",7,0.2,0.8,20,19.8790677576633,10,"1"
"88",8,0.4,0.6,20,19.8759428300439,10,"1"
"89",9,0.1,0.9,20,19.8801391614186,10,"1"
"90",10,0.3,0.7,20,19.8748714262886,10,"1"
"91",1,1,0,40,39.7493218023497,10,"1"
"92",2,0.8,0.2,40,39.7523574463228,10,"1"
"93",3,1,0,40,39.7486075331795,10,"1"
"94",4,1,0,40,39.751107475275,10,"1"
"95",5,1,0,40,39.7564644940513,10,"1"
"96",6,0.9,0.1,40,39.7447683363899,10,"1"
"97",7,1,0,40,39.7557502248811,10,"1"
"98",8,1,0,40,39.7569109122826,10,"1"
"99",9,1,0,40,39.7526252972616,10,"1"
"100",10,1,0,40,39.7468218602541,10,"1"
"101",1,1,0,80,79.5035795732479,10,"1"
"102",2,1,0,80,79.4929548193418,10,"1"
"103",3,1,0,80,79.4931333866343,10,"1"
"104",4,1,0,80,79.4929548193418,10,"1"
"105",5,1,0,80,79.5051866788808,10,"1"
"106",6,1,0,80,79.4835800364834,10,"1"
"107",7,1,0,80,79.4955440450836,10,"1"
"108",8,1,0,80,79.4784015849998,10,"1"
"109",9,1,0,80,79.5061687989897,10,"1"
"110",10,1,0,80,79.4965261651926,10,"1"
"111",1,1,0,100,99.3735657669954,10,"1"
"112",2,1,0,100,99.3691015846819,10,"1"
"113",3,1,0,100,99.363833849552,10,"1"
"114",4,1,0,100,99.3641017004908,10,"1"
"115",5,1,0,100,99.3667802098789,10,"1"
"116",6,1,0,100,99.3587446817146,10,"1"
"117",7,1,0,100,99.3532983792921,10,"1"
"118",8,1,0,100,99.3686551664506,10,"1"
"119",9,1,0,100,99.3714229594849,10,"1"
"120",10,1,0,100,99.3579411288982,10,"1"
"121",1,0,1,5,4.97307372923657,100,"1"
"122",2,0,1,5,4.97396656569927,100,"1"
"123",3,0,1,5,4.97182375818879,100,"1"
"124",4,0,1,5,4.97343086382165,100,"1"
"125",5,0,1,5,4.97137733995744,100,"1"
"126",6,0,1,5,4.97468083486943,100,"1"
"127",7,0,1,5,4.97352014746792,100,"1"
"128",8,0,1,5,4.97610937320975,100,"1"
"129",9,0,1,5,4.97637722414856,100,"1"
"130",10,0,1,5,4.9756629549784,100,"1"
"131",1,0,1,10,9.94376216802761,100,"1"
"132",2,0,1,10,9.94063724040816,100,"1"
"133",3,0,1,10,9.94242291333356,100,"1"
"134",4,0.2,0.8,10,9.94001225488427,100,"1"
"135",5,0,1,10,9.94126222593205,100,"1"
"136",6,0,1,10,9.9419764951022,100,"1"
"137",7,0,1,10,9.94697637929333,100,"1"
"138",8,0,1,10,9.93858371654395,100,"1"
"139",9,0,1,10,9.94278004791864,100,"1"
"140",10,0.1,0.9,10,9.94322646614999,100,"1"
"141",1,0.9,0.1,20,19.8820141179902,100,"1"
"142",2,1,0,20,19.8830855217455,100,"1"
"143",3,0.7,0.3,20,19.8810319978813,100,"1"
"144",4,0.9,0.1,20,19.878978474017,100,"1"
"145",5,0.8,0.2,20,19.880942714235,100,"1"
"146",6,1,0,20,19.8732643206558,100,"1"
"147",7,1,0,20,19.8790677576633,100,"1"
"148",8,0.9,0.1,20,19.8759428300439,100,"1"
"149",9,0.9,0.1,20,19.8801391614186,100,"1"
"150",10,0.7,0.3,20,19.8748714262886,100,"1"
"151",1,1,0,40,39.7493218023497,100,"1"
"152",2,1,0,40,39.7523574463228,100,"1"
"153",3,1,0,40,39.7486075331795,100,"1"
"154",4,1,0,40,39.751107475275,100,"1"
"155",5,1,0,40,39.7564644940513,100,"1"
"156",6,1,0,40,39.7447683363899,100,"1"
"157",7,1,0,40,39.7557502248811,100,"1"
"158",8,1,0,40,39.7569109122826,100,"1"
"159",9,1,0,40,39.7526252972616,100,"1"
"160",10,1,0,40,39.7468218602541,100,"1"
"161",1,1,0,80,79.5035795732479,100,"1"
"162",2,1,0,80,79.4929548193418,100,"1"
"163",3,1,0,80,79.4931333866343,100,"1"
"164",4,1,0,80,79.4929548193418,100,"1"
"165",5,1,0,80,79.5051866788808,100,"1"
"166",6,1,0,80,79.4835800364834,100,"1"
"167",7,1,0,80,79.4955440450836,100,"1"
"168",8,1,0,80,79.4784015849998,100,"1"
"169",9,1,0,80,79.5061687989897,100,"1"
"170",10,1,0,80,79.4965261651926,100,"1"
"171",1,1,0,100,99.3735657669954,100,"1"
"172",2,1,0,100,99.3691015846819,100,"1"
"173",3,1,0,100,99.363833849552,100,"1"
"174",4,1,0,100,99.3641017004908,100,"1"
"175",5,1,0,100,99.3667802098789,100,"1"
"176",6,1,0,100,99.3587446817146,100,"1"
"177",7,1,0,100,99.3532983792921,100,"1"
"178",8,1,0,100,99.3686551664506,100,"1"
"179",9,1,0,100,99.3714229594849,100,"1"
"180",10,1,0,100,99.3579411288982,100,"1"
"181",1,0,1,5,4.95378846164225,5,"10"
"182",2,0,1,5,4.95432416351987,5,"10"
"183",3,0,1,5,4.95575270186019,5,"10"
"184",4,0,1,5,4.95119923590042,5,"10"
"185",5,0,1,5,4.94825287557351,5,"10"
"186",6,0,1,5,4.95325275976463,5,"10"
"187",7,0,1,5,4.95593126915273,5,"10"
"188",8,0,1,5,4.94218158762714,5,"10"
"189",9,0,1,5,4.95173493777804,5,"10"
"190",10,0,1,5,4.95414559622733,5,"10"
"191",1,0,1,10,9.90287025803594,5,"10"
"192",2,0,1,10,9.88412069231923,5,"10"
"193",3,0,1,10,9.89206693683726,5,"10"
"194",4,0,1,10,9.89849535936871,5,"10"
"195",5,0.1,0.9,10,9.88742418723122,5,"10"
"196",6,0,1,10,9.89742395561346,5,"10"
"197",7,0.1,0.9,10,9.89608470091942,5,"10"
"198",8,0.1,0.9,10,9.87474590946088,5,"10"
"199",9,0,1,10,9.89644183550449,5,"10"
"200",10,0.1,0.9,10,9.89599541727315,5,"10"
"201",1,0.6,0.4,20,19.7754987279901,5,"10"
"202",2,0.6,0.4,20,19.7706774110915,5,"10"
"203",3,0.5,0.5,20,19.7811235977051,5,"10"
"204",4,0.6,0.4,20,19.779427208426,5,"10"
"205",5,0.6,0.4,20,19.7634454357436,5,"10"
"206",6,0.6,0.4,20,19.7768379826841,5,"10"
"207",7,0.4,0.6,20,19.7803200448887,5,"10"
"208",8,0.5,0.5,20,19.7705881274452,5,"10"
"209",9,0.7,0.3,20,19.7909447987948,5,"10"
"210",10,0.6,0.4,20,19.774159473296,5,"10"
"211",1,0.9,0.1,40,39.5489693001197,5,"10"
"212",2,1,0,40,39.5495050019973,5,"10"
"213",3,0.9,0.1,40,39.5382552625673,5,"10"
"214",4,1,0,40,39.5530763478481,5,"10"
"215",5,1,0,40,39.5362910223494,5,"10"
"216",6,0.8,0.2,40,39.5380766952748,5,"10"
"217",7,1,0,40,39.5696831060544,5,"10"
"218",8,0.9,0.1,40,39.5330768110836,5,"10"
"219",9,1,0,40,39.5528084969093,5,"10"
"220",10,1,0,40,39.5518263768004,5,"10"
"221",1,1,0,80,79.1118922170613,5,"10"
"222",2,1,0,80,79.0863570942281,5,"10"
"223",3,1,0,80,79.0775180132474,5,"10"
"224",4,1,0,80,79.0757323403219,5,"10"
"225",5,1,0,80,79.074750220213,5,"10"
"226",6,1,0,80,79.0440366458961,5,"10"
"227",7,1,0,80,79.1020710159716,5,"10"
"228",8,1,0,80,79.0842142867176,5,"10"
"229",9,1,0,80,79.0815357773295,5,"10"
"230",10,1,0,80,79.0579648947142,5,"10"
"231",1,1,0,100,98.8634882958548,5,"10"
"232",2,1,0,100,98.861256204698,5,"10"
"233",3,1,0,100,98.8541135129964,5,"10"
"234",4,1,0,100,98.8493814797441,5,"10"
"235",5,1,0,100,98.8658989543041,5,"10"
"236",6,1,0,100,98.8117930646644,5,"10"
"237",7,1,0,100,98.8434887590903,5,"10"
"238",8,1,0,100,98.8448280137844,5,"10"
"239",9,1,0,100,98.8513457199621,5,"10"
"240",10,1,0,100,98.8171500834406,5,"10"
"241",1,0,1,5,4.95378846164225,10,"10"
"242",2,0,1,5,4.95432416351987,10,"10"
"243",3,0,1,5,4.95575270186019,10,"10"
"244",4,0,1,5,4.95119923590042,10,"10"
"245",5,0,1,5,4.94825287557351,10,"10"
"246",6,0,1,5,4.95325275976463,10,"10"
"247",7,0,1,5,4.95593126915273,10,"10"
"248",8,0,1,5,4.94218158762714,10,"10"
"249",9,0,1,5,4.95173493777804,10,"10"
"250",10,0,1,5,4.95414559622733,10,"10"
"251",1,0,1,10,9.90287025803594,10,"10"
"252",2,0,1,10,9.88412069231923,10,"10"
"253",3,0,1,10,9.89206693683726,10,"10"
"254",4,0,1,10,9.89849535936871,10,"10"
"255",5,0.1,0.9,10,9.88742418723122,10,"10"
"256",6,0,1,10,9.89742395561346,10,"10"
"257",7,0,1,10,9.89608470091942,10,"10"
"258",8,0,1,10,9.87474590946088,10,"10"
"259",9,0,1,10,9.89644183550449,10,"10"
"260",10,0,1,10,9.89599541727315,10,"10"
"261",1,0.3,0.7,20,19.7754987279901,10,"10"
"262",2,0.7,0.3,20,19.7706774110915,10,"10"
"263",3,0.1,0.9,20,19.7811235977051,10,"10"
"264",4,0.7,0.3,20,19.779427208426,10,"10"
"265",5,0.2,0.8,20,19.7634454357436,10,"10"
"266",6,0.1,0.9,20,19.7768379826841,10,"10"
"267",7,0.5,0.5,20,19.7803200448887,10,"10"
"268",8,0.6,0.4,20,19.7705881274452,10,"10"
"269",9,0.4,0.6,20,19.7909447987948,10,"10"
"270",10,0.6,0.4,20,19.774159473296,10,"10"
"271",1,1,0,40,39.5489693001197,10,"10"
"272",2,1,0,40,39.5495050019973,10,"10"
"273",3,1,0,40,39.5382552625673,10,"10"
"274",4,1,0,40,39.5530763478481,10,"10"
"275",5,0.9,0.1,40,39.5362910223494,10,"10"
"276",6,1,0,40,39.5380766952748,10,"10"
"277",7,0.9,0.1,40,39.5696831060544,10,"10"
"278",8,1,0,40,39.5330768110836,10,"10"
"279",9,1,0,40,39.5528084969093,10,"10"
"280",10,0.9,0.1,40,39.5518263768004,10,"10"
"281",1,1,0,80,79.1118922170613,10,"10"
"282",2,1,0,80,79.0863570942281,10,"10"
"283",3,1,0,80,79.0775180132474,10,"10"
"284",4,1,0,80,79.0757323403219,10,"10"
"285",5,1,0,80,79.074750220213,10,"10"
"286",6,1,0,80,79.0440366458961,10,"10"
"287",7,1,0,80,79.1020710159716,10,"10"
"288",8,1,0,80,79.0842142867176,10,"10"
"289",9,1,0,80,79.0815357773295,10,"10"
"290",10,1,0,80,79.0579648947142,10,"10"
"291",1,1,0,100,98.8634882958548,10,"10"
"292",2,1,0,100,98.861256204698,10,"10"
"293",3,1,0,100,98.8541135129964,10,"10"
"294",4,1,0,100,98.8493814797441,10,"10"
"295",5,1,0,100,98.8658989543041,10,"10"
"296",6,1,0,100,98.8117930646644,10,"10"
"297",7,1,0,100,98.8434887590903,10,"10"
"298",8,1,0,100,98.8448280137844,10,"10"
"299",9,1,0,100,98.8513457199621,10,"10"
"300",10,1,0,100,98.8171500834406,10,"10"
"301",1,0,1,5,4.95378846164225,100,"10"
"302",2,0,1,5,4.95432416351987,100,"10"
"303",3,0,1,5,4.95575270186019,100,"10"
"304",4,0,1,5,4.95119923590042,100,"10"
"305",5,0,1,5,4.94825287557351,100,"10"
"306",6,0,1,5,4.95325275976463,100,"10"
"307",7,0,1,5,4.95593126915273,100,"10"
"308",8,0,1,5,4.94218158762714,100,"10"
"309",9,0,1,5,4.95173493777804,100,"10"
"310",10,0,1,5,4.95414559622733,100,"10"
"311",1,0,1,10,9.90287025803594,100,"10"
"312",2,0,1,10,9.88412069231923,100,"10"
"313",3,0,1,10,9.89206693683726,100,"10"
"314",4,0,1,10,9.89849535936871,100,"10"
"315",5,0,1,10,9.88742418723122,100,"10"
"316",6,0,1,10,9.89742395561346,100,"10"
"317",7,0.1,0.9,10,9.89608470091942,100,"10"
"318",8,0,1,10,9.87474590946088,100,"10"
"319",9,0,1,10,9.89644183550449,100,"10"
"320",10,0,1,10,9.89599541727315,100,"10"
"321",1,1,0,20,19.7754987279901,100,"10"
"322",2,1,0,20,19.7706774110915,100,"10"
"323",3,0.8,0.2,20,19.7811235977051,100,"10"
"324",4,0.7,0.3,20,19.779427208426,100,"10"
"325",5,0.7,0.3,20,19.7634454357436,100,"10"
"326",6,0.9,0.1,20,19.7768379826841,100,"10"
"327",7,0.9,0.1,20,19.7803200448887,100,"10"
"328",8,0.8,0.2,20,19.7705881274452,100,"10"
"329",9,0.7,0.3,20,19.7909447987948,100,"10"
"330",10,0.6,0.4,20,19.774159473296,100,"10"
"331",1,1,0,40,39.5489693001197,100,"10"
"332",2,1,0,40,39.5495050019973,100,"10"
"333",3,1,0,40,39.5382552625673,100,"10"
"334",4,1,0,40,39.5530763478481,100,"10"
"335",5,1,0,40,39.5362910223494,100,"10"
"336",6,1,0,40,39.5380766952748,100,"10"
"337",7,1,0,40,39.5696831060544,100,"10"
"338",8,1,0,40,39.5330768110836,100,"10"
"339",9,1,0,40,39.5528084969093,100,"10"
"340",10,1,0,40,39.5518263768004,100,"10"
"341",1,1,0,80,79.1118922170613,100,"10"
"342",2,1,0,80,79.0863570942281,100,"10"
"343",3,1,0,80,79.0775180132474,100,"10"
"344",4,1,0,80,79.0757323403219,100,"10"
"345",5,1,0,80,79.074750220213,100,"10"
"346",6,1,0,80,79.0440366458961,100,"10"
"347",7,1,0,80,79.1020710159716,100,"10"
"348",8,1,0,80,79.0842142867176,100,"10"
"349",9,1,0,80,79.0815357773295,100,"10"
"350",10,1,0,80,79.0579648947142,100,"10"
"351",1,1,0,100,98.8634882958548,100,"10"
"352",2,1,0,100,98.861256204698,100,"10"
"353",3,1,0,100,98.8541135129964,100,"10"
"354",4,1,0,100,98.8493814797441,100,"10"
"355",5,1,0,100,98.8658989543041,100,"10"
"356",6,1,0,100,98.8117930646644,100,"10"
"357",7,1,0,100,98.8434887590903,100,"10"
"358",8,1,0,100,98.8448280137844,100,"10"
"359",9,1,0,100,98.8513457199621,100,"10"
"360",10,1,0,100,98.8171500834406,100,"10"
"361",1,0.1,0.9,5,4.94521723160033,5,"100"
"362",2,0,1,5,4.95218135600939,5,"100"
"363",3,0,1,5,4.95200278871685,5,"100"
"364",4,0,1,5,4.94807430828097,5,"100"
"365",5,0,1,5,4.94637791900183,5,"100"
"366",6,0,1,5,4.95387774528852,5,"100"
"367",7,0,1,5,4.95387774528852,5,"100"
"368",8,0,1,5,4.95798479301694,5,"100"
"369",9,0,1,5,4.94878857745113,5,"100"
"370",10,0.1,0.9,5,4.92923545891799,5,"100"
"371",1,0.2,0.8,10,9.89626326821196,5,"100"
"372",2,0,1,10,9.88528137972074,5,"100"
"373",3,0,1,10,9.92724469346765,5,"100"
"374",4,0,1,10,9.89278120600742,5,"100"
"375",5,0.2,0.8,10,9.88804917275511,5,"100"
"376",6,0.3,0.7,10,9.90313810897475,5,"100"
"377",7,0.3,0.7,10,9.89804894113735,5,"100"
"378",8,0.2,0.8,10,9.88653135076852,5,"100"
"379",9,0.2,0.8,10,9.89813822478362,5,"100"
"380",10,0.3,0.7,10,9.8922455041298,5,"100"
"381",1,0.5,0.5,20,19.7614811955257,5,"100"
"382",2,0.5,0.5,20,19.7535349510077,5,"100"
"383",3,0.3,0.7,20,19.8244261661461,5,"100"
"384",4,0.7,0.3,20,19.7806771794737,5,"100"
"385",5,0.3,0.7,20,19.7452315719045,5,"100"
"386",6,0.2,0.8,20,19.76951672369,5,"100"
"387",7,0.6,0.4,20,19.7740701896498,5,"100"
"388",8,0.4,0.6,20,19.7554991912256,5,"100"
"389",9,0.3,0.7,20,19.7722845167244,5,"100"
"390",10,0.3,0.7,20,19.7176429252071,5,"100"
"391",1,0.7,0.3,40,39.5211128024835,5,"100"
"392",2,0.8,0.2,40,39.4919170501532,5,"100"
"393",3,1,0,40,39.5413801901868,5,"100"
"394",4,0.6,0.4,40,39.5215592207148,5,"100"
"395",5,0.8,0.2,40,39.4817387144784,5,"100"
"396",6,1,0,40,39.4867385986695,5,"100"
"397",7,0.7,0.3,40,39.529237614294,5,"100"
"398",8,0.7,0.3,40,39.4307577524582,5,"100"
"399",9,0.7,0.3,40,39.5258448357358,5,"100"
"400",10,0.8,0.2,40,39.530219734403,5,"100"
"401",1,0.9,0.1,80,79.0760001912608,5,"100"
"402",2,1,0,80,78.9084147872119,5,"100"
"403",3,1,0,80,78.9917164291819,5,"100"
"404",4,1,0,80,79.0183229557703,5,"100"
"405",5,1,0,80,78.9286821749152,5,"100"
"406",6,1,0,80,79.0205550469271,5,"100"
"407",7,1,0,80,79.0344832957452,5,"100"
"408",8,0.9,0.1,80,78.8335058079914,5,"100"
"409",9,1,0,80,79.036715386902,5,"100"
"410",10,1,0,80,79.0348404303303,5,"100"
"411",1,1,0,100,98.796436277506,5,"100"
"412",2,1,0,100,98.6355471469274,5,"100"
"413",3,1,0,100,98.756437203977,5,"100"
"414",4,1,0,100,98.7034920017389,5,"100"
"415",5,1,0,100,98.7344734269946,5,"100"
"416",6,1,0,100,98.7090275878076,5,"100"
"417",7,1,0,100,98.7763474570953,5,"100"
"418",8,1,0,100,98.5950123715208,5,"100"
"419",9,1,0,100,98.8559884695681,5,"100"
"420",10,1,0,100,98.7577764586711,5,"100"
"421",1,0.1,0.9,5,4.94521723160033,10,"100"
"422",2,0,1,5,4.95218135600939,10,"100"
"423",3,0,1,5,4.95200278871685,10,"100"
"424",4,0,1,5,4.94807430828097,10,"100"
"425",5,0,1,5,4.94637791900183,10,"100"
"426",6,0,1,5,4.95387774528852,10,"100"
"427",7,0,1,5,4.95387774528852,10,"100"
"428",8,0,1,5,4.95798479301694,10,"100"
"429",9,0,1,5,4.94878857745113,10,"100"
"430",10,0,1,5,4.92923545891799,10,"100"
"431",1,0,1,10,9.89626326821196,10,"100"
"432",2,0.1,0.9,10,9.88528137972074,10,"100"
"433",3,0.1,0.9,10,9.92724469346765,10,"100"
"434",4,0.2,0.8,10,9.89278120600742,10,"100"
"435",5,0.1,0.9,10,9.88804917275511,10,"100"
"436",6,0.1,0.9,10,9.90313810897475,10,"100"
"437",7,0.2,0.8,10,9.89804894113735,10,"100"
"438",8,0.3,0.7,10,9.88653135076852,10,"100"
"439",9,0,1,10,9.89813822478362,10,"100"
"440",10,0,1,10,9.8922455041298,10,"100"
"441",1,0.4,0.6,20,19.7614811955257,10,"100"
"442",2,0.4,0.6,20,19.7535349510077,10,"100"
"443",3,0.6,0.4,20,19.8244261661461,10,"100"
"444",4,0.3,0.7,20,19.7806771794737,10,"100"
"445",5,0.4,0.6,20,19.7452315719045,10,"100"
"446",6,0.5,0.5,20,19.76951672369,10,"100"
"447",7,0.2,0.8,20,19.7740701896498,10,"100"
"448",8,0.8,0.2,20,19.7554991912256,10,"100"
"449",9,0.3,0.7,20,19.7722845167244,10,"100"
"450",10,0.6,0.4,20,19.7176429252071,10,"100"
"451",1,1,0,40,39.5211128024835,10,"100"
"452",2,0.8,0.2,40,39.4919170501532,10,"100"
"453",3,1,0,40,39.5413801901868,10,"100"
"454",4,1,0,40,39.5215592207148,10,"100"
"455",5,0.8,0.2,40,39.4817387144784,10,"100"
"456",6,0.9,0.1,40,39.4867385986695,10,"100"
"457",7,1,0,40,39.529237614294,10,"100"
"458",8,0.9,0.1,40,39.4307577524582,10,"100"
"459",9,0.7,0.3,40,39.5258448357358,10,"100"
"460",10,0.9,0.1,40,39.530219734403,10,"100"
"461",1,1,0,80,79.0760001912608,10,"100"
"462",2,1,0,80,78.9084147872119,10,"100"
"463",3,1,0,80,78.9917164291819,10,"100"
"464",4,1,0,80,79.0183229557703,10,"100"
"465",5,1,0,80,78.9286821749152,10,"100"
"466",6,1,0,80,79.0205550469271,10,"100"
"467",7,1,0,80,79.0344832957452,10,"100"
"468",8,1,0,80,78.8335058079914,10,"100"
"469",9,1,0,80,79.036715386902,10,"100"
"470",10,1,0,80,79.0348404303303,10,"100"
"471",1,1,0,100,98.796436277506,10,"100"
"472",2,1,0,100,98.6355471469274,10,"100"
"473",3,1,0,100,98.756437203977,10,"100"
"474",4,1,0,100,98.7034920017389,10,"100"
"475",5,1,0,100,98.7344734269946,10,"100"
"476",6,1,0,100,98.7090275878076,10,"100"
"477",7,1,0,100,98.7763474570953,10,"100"
"478",8,1,0,100,98.5950123715208,10,"100"
"479",9,1,0,100,98.8559884695681,10,"100"
"480",10,1,0,100,98.7577764586711,10,"100"
"481",1,0,1,5,4.94521723160033,100,"100"
"482",2,0,1,5,4.95218135600939,100,"100"
"483",3,0,1,5,4.95200278871685,100,"100"
"484",4,0,1,5,4.94807430828097,100,"100"
"485",5,0,1,5,4.94637791900183,100,"100"
"486",6,0,1,5,4.95387774528852,100,"100"
"487",7,0,1,5,4.95387774528852,100,"100"
"488",8,0,1,5,4.95798479301694,100,"100"
"489",9,0,1,5,4.94878857745113,100,"100"
"490",10,0,1,5,4.92923545891799,100,"100"
"491",1,0,1,10,9.89626326821196,100,"100"
"492",2,0,1,10,9.88528137972074,100,"100"
"493",3,0.1,0.9,10,9.92724469346765,100,"100"
"494",4,0.1,0.9,10,9.89278120600742,100,"100"
"495",5,0.1,0.9,10,9.88804917275511,100,"100"
"496",6,0,1,10,9.90313810897475,100,"100"
"497",7,0.1,0.9,10,9.89804894113735,100,"100"
"498",8,0,1,10,9.88653135076852,100,"100"
"499",9,0,1,10,9.89813822478362,100,"100"
"500",10,0,1,10,9.8922455041298,100,"100"
"501",1,0.8,0.2,20,19.7614811955257,100,"100"
"502",2,0.8,0.2,20,19.7535349510077,100,"100"
"503",3,0.5,0.5,20,19.8244261661461,100,"100"
"504",4,1,0,20,19.7806771794737,100,"100"
"505",5,0.8,0.2,20,19.7452315719045,100,"100"
"506",6,0.6,0.4,20,19.76951672369,100,"100"
"507",7,0.9,0.1,20,19.7740701896498,100,"100"
"508",8,0.9,0.1,20,19.7554991912256,100,"100"
"509",9,1,0,20,19.7722845167244,100,"100"
"510",10,0.6,0.4,20,19.7176429252071,100,"100"
"511",1,1,0,40,39.5211128024835,100,"100"
"512",2,1,0,40,39.4919170501532,100,"100"
"513",3,1,0,40,39.5413801901868,100,"100"
"514",4,1,0,40,39.5215592207148,100,"100"
"515",5,1,0,40,39.4817387144784,100,"100"
"516",6,1,0,40,39.4867385986695,100,"100"
"517",7,1,0,40,39.529237614294,100,"100"
"518",8,1,0,40,39.4307577524582,100,"100"
"519",9,1,0,40,39.5258448357358,100,"100"
"520",10,1,0,40,39.530219734403,100,"100"
"521",1,1,0,80,79.0760001912608,100,"100"
"522",2,1,0,80,78.9084147872119,100,"100"
"523",3,1,0,80,78.9917164291819,100,"100"
"524",4,1,0,80,79.0183229557703,100,"100"
"525",5,1,0,80,78.9286821749152,100,"100"
"526",6,1,0,80,79.0205550469271,100,"100"
"527",7,1,0,80,79.0344832957452,100,"100"
"528",8,1,0,80,78.8335058079914,100,"100"
"529",9,1,0,80,79.036715386902,100,"100"
"530",10,1,0,80,79.0348404303303,100,"100"
"531",1,1,0,100,98.796436277506,100,"100"
"532",2,1,0,100,98.6355471469274,100,"100"
"533",3,1,0,100,98.756437203977,100,"100"
"534",4,1,0,100,98.7034920017389,100,"100"
"535",5,1,0,100,98.7344734269946,100,"100"
"536",6,1,0,100,98.7090275878076,100,"100"
"537",7,1,0,100,98.7763474570953,100,"100"
"538",8,1,0,100,98.5950123715208,100,"100"
"539",9,1,0,100,98.8559884695681,100,"100"
"540",10,1,0,100,98.7577764586711,100,"100"
"541",1,0,1,5,5.00093022687282,5,"1000"
"542",2,0,1,5,5.01655486497007,5,"1000"
"543",3,0,1,5,5.01235853359538,5,"1000"
"544",4,0,1,5,5.03155451754344,5,"1000"
"545",5,0,1,5,5.00610867835648,5,"1000"
"546",6,0,1,5,5.0224475856239,5,"1000"
"547",7,0,1,5,5.02762603710756,5,"1000"
"548",8,0,1,5,4.98959120379653,5,"1000"
"549",9,0,1,5,4.9667345903514,5,"1000"
"550",10,0,1,5,5.03503657974797,5,"1000"
"551",1,0.1,0.9,10,10.0034929273823,5,"1000"
"552",2,0,1,10,10.0176890271392,5,"1000"
"553",3,0,1,10,9.95581546027406,5,"1000"
"554",4,0.2,0.8,10,9.9044773636688,5,"1000"
"555",5,0,1,10,9.96456525760852,5,"1000"
"556",6,0,1,10,9.83662179250358,5,"1000"
"557",7,0.2,0.8,10,10.0270638099975,5,"1000"
"558",8,0.1,0.9,10,9.87876367354303,5,"1000"
"559",9,0,1,10,9.99224318795223,5,"1000"
"560",10,0.1,0.9,10,9.90019174864783,5,"1000"
"561",1,0.2,0.8,20,19.8464792267748,5,"1000"
"562",2,0.2,0.8,20,19.7872841692977,5,"1000"
"563",3,0.3,0.7,20,19.7529099654838,5,"1000"
"564",4,0.2,0.8,20,19.6988933594904,5,"1000"
"565",5,0.2,0.8,20,19.8486220342852,5,"1000"
"566",6,0.2,0.8,20,19.8525505147211,5,"1000"
"567",7,0.3,0.7,20,19.8286224975208,5,"1000"
"568",8,0.1,0.9,20,19.8895139442769,5,"1000"
"569",9,0.1,0.9,20,19.8423721790463,5,"1000"
"570",10,0.3,0.7,20,19.5328257774282,5,"1000"
"571",1,0.3,0.7,40,39.5167379038162,5,"1000"
"572",2,0.3,0.7,40,39.5873612680158,5,"1000"
"573",3,0.2,0.8,40,39.5520049440929,5,"1000"
"574",4,0.3,0.7,40,39.5426301612345,5,"1000"
"575",5,0.3,0.7,40,39.557004828284,5,"1000"
"576",6,0.5,0.5,40,39.6226283082925,5,"1000"
"577",7,0.5,0.5,40,39.6189676787954,5,"1000"
"578",8,0.2,0.8,40,39.6632523673454,5,"1000"
"579",9,0.4,0.6,40,39.56691531302,5,"1000"
"580",10,0.8,0.2,40,39.3804017759619,5,"1000"
"581",1,0.4,0.6,80,78.9660027390561,5,"1000"
"582",2,0.4,0.6,80,79.0321619209422,5,"1000"
"583",3,0.5,0.5,80,79.3083162388554,5,"1000"
"584",4,0.6,0.4,80,79.0114481150075,5,"1000"
"585",5,0.4,0.6,80,79.0745716529204,5,"1000"
"586",6,0.3,0.7,80,79.1585875640605,5,"1000"
"587",7,0.4,0.6,80,79.050286501135,5,"1000"
"588",8,0.5,0.5,80,78.9168074499613,5,"1000"
"589",9,0.5,0.5,80,79.0209121815121,5,"1000"
"590",10,0.7,0.3,80,78.9749311036831,5,"1000"
"591",1,0.9,0.1,100,98.8114359300794,5,"1000"
"592",2,0.7,0.3,100,98.763044193801,5,"1000"
"593",3,0.5,0.5,100,99.1802666728208,5,"1000"
"594",4,0.8,0.2,100,98.8262570153602,5,"1000"
"595",5,0.9,0.1,100,98.8115252137256,5,"1000"
"596",6,0.6,0.4,100,98.8495600470367,5,"1000"
"597",7,0.9,0.1,100,98.9827712472715,5,"1000"
"598",8,0.4,0.6,100,98.7275985862318,5,"1000"
"599",9,0.8,0.2,100,98.784204417967,5,"1000"
"600",10,0.6,0.4,100,98.8481315086963,5,"1000"
"601",1,0.1,0.9,5,5.00093022687282,10,"1000"
"602",2,0.1,0.9,5,5.01655486497007,10,"1000"
"603",3,0.1,0.9,5,5.01235853359538,10,"1000"
"604",4,0.2,0.8,5,5.03155451754344,10,"1000"
"605",5,0,1,5,5.00610867835648,10,"1000"
"606",6,0.1,0.9,5,5.0224475856239,10,"1000"
"607",7,0,1,5,5.02762603710756,10,"1000"
"608",8,0,1,5,4.98959120379653,10,"1000"
"609",9,0.1,0.9,5,4.9667345903514,10,"1000"
"610",10,0,1,5,5.03503657974797,10,"1000"
"611",1,0.3,0.7,10,10.0034929273823,10,"1000"
"612",2,0.2,0.8,10,10.0176890271392,10,"1000"
"613",3,0.1,0.9,10,9.95581546027406,10,"1000"
"614",4,0.2,0.8,10,9.9044773636688,10,"1000"
"615",5,0,1,10,9.96456525760852,10,"1000"
"616",6,0,1,10,9.83662179250358,10,"1000"
"617",7,0,1,10,10.0270638099975,10,"1000"
"618",8,0,1,10,9.87876367354303,10,"1000"
"619",9,0.2,0.8,10,9.99224318795223,10,"1000"
"620",10,0.2,0.8,10,9.90019174864783,10,"1000"
"621",1,0.1,0.9,20,19.8464792267748,10,"1000"
"622",2,0.2,0.8,20,19.7872841692977,10,"1000"
"623",3,0.3,0.7,20,19.7529099654838,10,"1000"
"624",4,0.5,0.5,20,19.6988933594904,10,"1000"
"625",5,0.1,0.9,20,19.8486220342852,10,"1000"
"626",6,0.3,0.7,20,19.8525505147211,10,"1000"
"627",7,0.2,0.8,20,19.8286224975208,10,"1000"
"628",8,0.1,0.9,20,19.8895139442769,10,"1000"
"629",9,0.2,0.8,20,19.8423721790463,10,"1000"
"630",10,0.4,0.6,20,19.5328257774282,10,"1000"
"631",1,0.5,0.5,40,39.5167379038162,10,"1000"
"632",2,0.2,0.8,40,39.5873612680158,10,"1000"
"633",3,0.5,0.5,40,39.5520049440929,10,"1000"
"634",4,0.5,0.5,40,39.5426301612345,10,"1000"
"635",5,0.3,0.7,40,39.557004828284,10,"1000"
"636",6,0.5,0.5,40,39.6226283082925,10,"1000"
"637",7,0.6,0.4,40,39.6189676787954,10,"1000"
"638",8,0.6,0.4,40,39.6632523673454,10,"1000"
"639",9,0.6,0.4,40,39.56691531302,10,"1000"
"640",10,0.3,0.7,40,39.3804017759619,10,"1000"
"641",1,0.8,0.2,80,78.9660027390561,10,"1000"
"642",2,0.8,0.2,80,79.0321619209422,10,"1000"
"643",3,0.8,0.2,80,79.3083162388554,10,"1000"
"644",4,0.9,0.1,80,79.0114481150075,10,"1000"
"645",5,1,0,80,79.0745716529204,10,"1000"
"646",6,0.8,0.2,80,79.1585875640605,10,"1000"
"647",7,0.7,0.3,80,79.050286501135,10,"1000"
"648",8,0.8,0.2,80,78.9168074499613,10,"1000"
"649",9,0.6,0.4,80,79.0209121815121,10,"1000"
"650",10,0.5,0.5,80,78.9749311036831,10,"1000"
"651",1,0.9,0.1,100,98.8114359300794,10,"1000"
"652",2,0.9,0.1,100,98.763044193801,10,"1000"
"653",3,0.9,0.1,100,99.1802666728208,10,"1000"
"654",4,0.9,0.1,100,98.8262570153602,10,"1000"
"655",5,0.8,0.2,100,98.8115252137256,10,"1000"
"656",6,0.8,0.2,100,98.8495600470367,10,"1000"
"657",7,0.6,0.4,100,98.9827712472715,10,"1000"
"658",8,0.9,0.1,100,98.7275985862318,10,"1000"
"659",9,0.9,0.1,100,98.784204417967,10,"1000"
"660",10,0.7,0.3,100,98.8481315086963,10,"1000"
"661",1,0.1,0.9,5,5.00093022687282,100,"1000"
"662",2,0,1,5,5.01655486497007,100,"1000"
"663",3,0.2,0.8,5,5.01235853359538,100,"1000"
"664",4,0.2,0.8,5,5.03155451754344,100,"1000"
"665",5,0.1,0.9,5,5.00610867835648,100,"1000"
"666",6,0,1,5,5.0224475856239,100,"1000"
"667",7,0,1,5,5.02762603710756,100,"1000"
"668",8,0.2,0.8,5,4.98959120379653,100,"1000"
"669",9,0,1,5,4.9667345903514,100,"1000"
"670",10,0.1,0.9,5,5.03503657974797,100,"1000"
"671",1,0.2,0.8,10,10.0034929273823,100,"1000"
"672",2,0.1,0.9,10,10.0176890271392,100,"1000"
"673",3,0.1,0.9,10,9.95581546027406,100,"1000"
"674",4,0,1,10,9.9044773636688,100,"1000"
"675",5,0.3,0.7,10,9.96456525760852,100,"1000"
"676",6,0.2,0.8,10,9.83662179250358,100,"1000"
"677",7,0.3,0.7,10,10.0270638099975,100,"1000"
"678",8,0.3,0.7,10,9.87876367354303,100,"1000"
"679",9,0.3,0.7,10,9.99224318795223,100,"1000"
"680",10,0.4,0.6,10,9.90019174864783,100,"1000"
"681",1,0.8,0.2,20,19.8464792267748,100,"1000"
"682",2,0.6,0.4,20,19.7872841692977,100,"1000"
"683",3,0.5,0.5,20,19.7529099654838,100,"1000"
"684",4,0.2,0.8,20,19.6988933594904,100,"1000"
"685",5,0.4,0.6,20,19.8486220342852,100,"1000"
"686",6,0.4,0.6,20,19.8525505147211,100,"1000"
"687",7,0.6,0.4,20,19.8286224975208,100,"1000"
"688",8,0.6,0.4,20,19.8895139442769,100,"1000"
"689",9,0.5,0.5,20,19.8423721790463,100,"1000"
"690",10,0.6,0.4,20,19.5328257774282,100,"1000"
"691",1,0.9,0.1,40,39.5167379038162,100,"1000"
"692",2,1,0,40,39.5873612680158,100,"1000"
"693",3,0.8,0.2,40,39.5520049440929,100,"1000"
"694",4,1,0,40,39.5426301612345,100,"1000"
"695",5,1,0,40,39.557004828284,100,"1000"
"696",6,0.9,0.1,40,39.6226283082925,100,"1000"
"697",7,1,0,40,39.6189676787954,100,"1000"
"698",8,0.8,0.2,40,39.6632523673454,100,"1000"
"699",9,0.9,0.1,40,39.56691531302,100,"1000"
"700",10,0.9,0.1,40,39.3804017759619,100,"1000"
"701",1,1,0,80,78.9660027390561,100,"1000"
"702",2,1,0,80,79.0321619209422,100,"1000"
"703",3,1,0,80,79.3083162388554,100,"1000"
"704",4,1,0,80,79.0114481150075,100,"1000"
"705",5,1,0,80,79.0745716529204,100,"1000"
"706",6,1,0,80,79.1585875640605,100,"1000"
"707",7,1,0,80,79.050286501135,100,"1000"
"708",8,1,0,80,78.9168074499613,100,"1000"
"709",9,1,0,80,79.0209121815121,100,"1000"
"710",10,1,0,80,78.9749311036831,100,"1000"
"711",1,1,0,100,98.8114359300794,100,"1000"
"712",2,1,0,100,98.763044193801,100,"1000"
"713",3,1,0,100,99.1802666728208,100,"1000"
"714",4,1,0,100,98.8262570153602,100,"1000"
"715",5,1,0,100,98.8115252137256,100,"1000"
"716",6,1,0,100,98.8495600470367,100,"1000"
"717",7,1,0,100,98.9827712472715,100,"1000"
"718",8,1,0,100,98.7275985862318,100,"1000"
"719",9,1,0,100,98.784204417967,100,"1000"
"720",10,1,0,100,98.8481315086963,100,"1000"
